{"test": [{"mbid": "4ec0d8ed-c913-4318-9237-9743ab58ecfb", "tonic": 187.4, "makam": "Hicaz"}, {"mbid": "2ff5b6e0-7616-4b49-8fb6-c423d676d9a6", "tonic": 248.8, "makam": "Saba"}, {"mbid": "3b4b9ccf-475b-4d0d-a16d-c42c9dbb0f85", "tonic": 195.6, "makam": "Huseyni"}], "train": [{"mbid": "0b45417b-acb4-4f8a-b180-5ad45be889af", "tonic": 328.3, "makam": "Saba"}, {"mbid": "0f0e4bc3-67f9-4727-818b-983320e897cb", "tonic": 225.6, "makam": "Saba"}, {"mbid": "1e14ece7-f5cd-4a58-aa15-b82253b1b858", "tonic": 394.0, "makam": "Saba"}, {"mbid": "1f6af8f0-9c70-4afe-99ab-40720fb2f26f", "tonic": 147.0, "makam": "Saba"}, {"mbid": "03bcfc5c-4a34-490f-bdfa-1c8c2766bb50", "tonic": 170.5, "makam": "Huseyni"}, {"mbid": "0eac190d-13c4-442f-bb13-cf734d3cbe88", "tonic": 221.0, "makam": "Huseyni"}, {"mbid": "3a29097a-a453-4d25-b601-d8113004655a", "tonic": 304.2, "makam": "Huseyni"}, {"mbid": "3b014584-cbe2-4042-99ec-93249f43c040", "tonic": 443.1, "makam": "Huseyni"}, {"mbid": "0db48ce4-f018-4d7d-b75e-66a64db72067", "tonic": 151.1, "makam": "Hicaz"}, {"mbid": "2c88acdf-685d-42c7-913d-1a9f2005587e", "tonic": 292.5, "makam": "Hicaz"}, {"mbid": "3c25f0d8-a6df-4bde-87ef-e4af708b861d", "tonic": 150.0, "makam": "Hicaz"}, {"mbid": "4cba17f6-686e-49ec-8a41-6f6b587d4489", "tonic": 294.0, "makam": "Hicaz"}]}