attack,attack_time,average_beat_spectrum,average_onset_frequency
0.08831316977739334,0.06965986394557833,3.873765134565474,1.2947603222798105
0.03176494315266609,0.11609977324263032,10.268028736114502,1.6568850019049552
0.03794155642390251,0.13931972789115643,18.848579263314605,1.250355610815908
0.027692481875419617,0.18575963718820865,1.5491993553296197,0.900881160927612
0.03157273307442665,0.23219954648526087,4.252191808074713,1.5873533854418465
0.01022266410291195,0.2786394557823131,5.432704798877239,1.5790563858882463
0.012770182453095913,0.3018594104308392,18.340847961604595,1.2510294940556743
0.007825965993106365,0.3250793650793653,5.4550219140946865,1.3410301155282485
0.024123189970850945,0.3482993197278914,9.778137607499957,1.0408233940591431
0.027956368401646614,0.3947392290249436,6.2173062190413475,1.6514909497669432
0.00850366149097681,0.4643990929705224,4.727679215371609,1.2596358975409254
0.020231526345014572,0.5572789115646268,2.8100530840456486,1.0222679022918049
0.008435370400547981,0.6269387755102047,7.763339746277779,1.472579434989705
0.006975097581744194,0.6733786848072569,2.812624029116705,1.2250175215022077
0.01879996433854103,0.7430385487528348,5.078539598733187,1.5343975462148833
0.014279814437031746,0.789478458049887,18.018612548708916,1.2338249005242157
0.012676762416958809,0.8126984126984136,14.437265711330838,1.3025499646261387
0.013751663267612457,0.8591383219954658,2.040953854098916,1.1639075521913202
0.02307850681245327,0.9287981859410446,2.8369351223918216,1.2144152299870825
0.011060855351388454,1.021678004535149,4.0277142624836415,1.42873998355406
0.014875587075948715,1.0681179138322012,3.8307394050061703,1.5216352692155481
0.013871226459741592,1.0913378684807278,3.4491936611011624,1.3571332696860863
0.011846140027046204,1.1609977324263057,7.823413141071796,1.5064925989284172
0.024811869487166405,1.1842176870748304,1.211887995712459,1.3321908486068768
0.01135774701833725,1.2538775510204083,12.816412061452866,1.0438812699687834
0.028986649587750435,1.3003174603174614,8.815129822585732,1.2990568398431959
0.024927346035838127,1.323537414965988,11.324526098556817,1.568673489957987
0.043390583246946335,1.369977324263041,6.492561437189579,1.4962304975719325
0.05216991901397705,1.4164172335600924,1.7958750883117318,1.0382363333066245
0.059731341898441315,1.4396371882086172,4.294126472668722,1.302657806656927
0.02244921773672104,1.4860770975056703,11.683095375706557,1.6520446575374896
0.03761613368988037,1.5325170068027234,1.4898365549743176,1.28066809076453
0.027644092217087746,1.6253968253968278,6.123776154592633,1.2392916125981526
0.01162615604698658,1.6950566893424057,5.787944111041725,1.590031285776335
0.02728135511279106,1.7647165532879836,4.23842316865921,1.2869155163849804
0.06438127160072327,1.8808163265306146,4.857966814655811,1.3653567586123716
0.0792684480547905,1.9504761904761925,9.276019491255283,1.4499495844468184
0.04573902487754822,1.9736961451247172,7.55034676194191,1.5563333936316808
0.051938045769929886,1.9969160997732438,1.4231380224227905,1.145950705337981
0.020065272226929665,2.0665759637188215,21.074313096480182,1.2686896403183034
0.026117093861103058,2.113015873015873,8.594460468739271,1.6910118662203926
0.02812330424785614,2.159455782312926,7.029260694049299,1.4751587976391445
0.03534425050020218,2.205895691609979,3.237766832113266,0.8849362815319216
0.016607889905571938,2.2987755102040834,2.718847181648016,1.411873420809049
0.03394148871302605,2.3684353741496613,5.185303076083073,0.9111545465712535
0.04645222797989845,2.391655328798186,1.743744662962854,1.145236988320716
0.03790917992591858,2.414875283446711,3.727282501757145,1.339283475227956
0.03117876686155796,2.461315192743762,2.2101636715233326,1.3479066144625513
0.048265859484672546,2.484535147392287,3.203071488918681,1.077111054942354
0.03246844559907913,2.5309750566893383,6.681528793706093e-05,1.185910598040376
0.04106028378009796,2.6470748299319693,12.65264403540641,1.4521818169386504
0.04845719784498215,2.670294784580496,4.123986339196563,1.4797619693032975
0.019377417862415314,2.7399546485260737,10.610430151224136,1.2893360347972265
0.02312343753874302,2.8096145124716516,7.418064475059509,1.242138582220883
0.059979405254125595,2.8328344671201764,1.4596980139613152,1.0145811667002216
0.07375208288431168,2.8792743764172295,1.6072717821225524,1.5866880419765217
0.044209059327840805,2.9257142857142826,7.023477144539356,1.4763780812921246
0.03816726431250572,2.9489342403628074,3.968211518134922,1.2854297728063748
0.03826854005455971,2.995374149659857,4.819306991994381,1.5590957562689534
0.023701507598161697,3.088253968253963,2.144033704069443,1.203482044547366
0.020503263920545578,3.1346938775510163,2.4846759401261806,1.1175061172435325
0.04164102301001549,3.157913832199541,9.663465585559607,1.4761631108450253
0.026828642934560776,3.1811337868480694,4.569309072336182,1.17920650372364
0.0393274649977684,3.2740136054421756,4.647440075874329,1.540911940911595
0.05782215669751167,3.3204535147392287,3.433567602187395,1.547966014569934
0.07169171422719955,3.39011337868481,5.157968042418361,1.0565363147756635
0.07283975929021835,3.4133333333333384,9.89262105897069,1.4059080485707738
0.0497296005487442,3.552653061224494,12.42123693227768,1.1758855711193554
0.0161733478307724,3.6455328798186004,11.70905663818121,1.58816259994944
0.08106779307126999,3.668752834467125,4.290169045329094,1.4002136480544771
0.08512084186077118,3.7151927437641783,1.5137785905972123,1.5740183250578554
0.03939371928572655,3.854512471655334,6.539087735116482,1.6402292633673932
0.01861623488366604,3.9241723356009155,6.049427766352892,1.2830240949659644
0.029426701366901398,3.9938321995464934,3.1005939142778516,1.2333016258244747
0.06987681984901428,4.0402721088435465,9.002440731972456,1.2052909314242335
0.05462104082107544,4.133151927437649,11.706457247026265,1.3803378699787654
0.06884504854679108,4.249251700680277,4.633196033537388,1.2301306023450436
0.02074708417057991,4.272471655328801,8.741767399013042,1.4469687228754688
0.022242750972509384,4.342131519274379,3.9461911618709564,0.9099406672122604
0.05132395401597023,4.388571428571432,6.033410981297493,1.211129028300777
0.0347103513777256,4.411791383219957,2.2837614100426435,1.2530145815093756
0.029876280575990677,4.50467120181406,13.756680771708488,1.1559668683649735
0.04760348051786423,4.5278911564625846,3.723279487228865,1.6670677867753743
0.03151587396860123,4.574331065759638,8.443812005221844,1.3496962097428136
0.02654402144253254,4.597551020408162,1.4270494561642408,1.748501993338386
0.03516116365790367,4.6439909297052155,3.039348216727376,1.2459289806482665
0.042938243597745895,4.713650793650793,7.379067620262504,1.7997340240257276
0.02229771763086319,4.7600907029478465,4.509484535083175,1.3289758966057281
0.046281084418296814,4.8065306122449,2.423752708360553,1.2972378773939675
0.030188335105776787,4.852970521541949,10.28430238366127,1.3674459865709128
0.039600078016519547,4.876190476190474,7.761025306768715,1.4782808582186542
0.03449365124106407,4.96907029478458,3.425153008662164,1.2359241242545778
0.03489701449871063,4.992290249433105,11.844931166619062,1.6480470037968833
0.0436115562915802,5.01551020408163,4.119050754234195,1.1104072472790618
0.023195665329694748,5.061950113378679,3.5212904568761587,1.4002554973458945
0.0545746311545372,5.085170068027208,11.196040265262127,1.2054379126384942
0.02586563676595688,5.1548299319727855,1.9301390442997217,1.38218683109625
0.018022403120994568,5.201269841269839,3.613813930656761,1.251870721133036
0.07724533975124359,5.224489795918363,8.72846258059144,1.0199639460792926
0.06993923336267471,5.247709750566892,4.720660049468279,1.2732534829527504
0.03947652876377106,5.317369614512473,6.164142441301351,1.3812340204596127
0.024271881207823753,5.363809523809526,6.539087735116482,1.6402292633673932
0.04250480979681015,5.456689342403629,9.05525093153119,1.2328973282475997
0.04198450967669487,5.503129251700682,2.334782939404249,1.28380678865899
0.028630563989281654,5.52634920634921,4.206496407277882,1.4740369997675709
0.04124455899000168,5.5727891156462634,3.5686720237135887,1.4719976527120802
0.026789866387844086,5.619229024943313,2.324026480317116,1.4049141333592152
0.06448850780725479,5.688888888888891,6.48977049998939,1.5025371153687266
0.07968001067638397,5.712108843537416,12.935509741306305,1.083735579279147
0.10176052153110504,5.758548752834465,1.06052336783614,1.318280950231242
0.08542457222938538,5.897868480725621,4.257125960662961,1.5907908981414733
0.04377618804574013,5.944308390022674,12.314232947304845,1.0979868275042082
0.08385762572288513,6.013968253968252,14.08271735906601,1.400113915327367
0.03970462828874588,6.083628117913833,2.5441593723517144,1.2305589976727638
0.032349761575460434,6.17650793650794,6.915423549711704,1.413441808425295
0.042615894228219986,0.02321995464852611,3.016348886769265,1.097043757864768
0.03466081991791725,0.06965986394557833,11.495662420988083,1.2826651002242384
0.009801233187317848,0.16253968253968276,4.0530765280127525,1.3588658442746553
0.038273174315690994,0.18575963718820887,16.14170290529728,1.4880485705350721
0.033793605864048004,0.20897959183673498,9.931132443249226,1.2716610894849942
0.02170449122786522,0.2554195011337872,8.053523197770119,1.4746798907625054
0.010982328094542027,0.34829931972789163,11.343357724137604,1.2658347543710127
0.008435353636741638,0.39473922902494385,2.7050320133566856,1.3089759564897165
0.024645907804369926,0.46439909297052173,6.688093846198171,1.3610740360398719
0.016110649332404137,0.510839002267574,7.742611292749643,1.5586174198064153
0.017961597070097923,0.5572789115646262,2.073383256793022,1.162681339186379
0.012733112089335918,0.6501587301587306,4.4068459665286355,1.1599955163931686
0.05342317745089531,0.6965986394557828,3.954271555878222,0.8853782838885705
0.033559542149305344,0.743038548752835,5.830008052289486,1.1734979323517347
0.024346565827727318,0.8126984126984138,3.6155226975679398,0.8983929770310236
0.01104434859007597,0.9055782312925182,7.131953358184546,1.5759183049909442
0.009154276922345161,0.9752380952380961,3.9338581413030624,1.4488601858398122
0.039911847561597824,1.044897959183675,13.224659230560064,1.3846826703373794
0.02537679672241211,1.0681179138322006,3.053558825980872,1.208923559605412
0.039867714047431946,1.1377777777777784,4.595357978716493,1.3763835845058987
0.02347031980752945,1.1842176870748307,5.223647207021713,1.3083245824910654
0.015760425478219986,1.2306575963718829,2.834888629615307,1.2813348083432696
0.020506424829363823,1.277097505668935,12.856231942772865,1.6298758934907043
0.045461710542440414,1.3003174603174599,0.6348422113806009,1.373553412527258
0.023508260026574135,1.3467573696145112,8.121796764433384,1.3518602455095576
0.025248613208532333,1.3931972789115643,6.250308439273795,1.5867542454980814
0.04659256339073181,1.4396371882086174,3.799239296466112,1.5418681081199963
0.023306598886847496,1.462857142857144,13.311156786046922,1.2537566248272036
0.04531564190983772,1.5325170068027218,7.570922411978245,1.0913757390547858
0.04687375947833061,1.578956916099775,5.288880589039763,1.2472964163698257
0.0310266874730587,1.6486167800453528,5.881195094436407,1.402427461893793
0.026996005326509476,1.6950566893424042,8.979828044772148,1.7979748309828545
0.025708971545100212,1.7182766439909307,4.926043257117271,1.5384644536336742
0.03396705538034439,1.764716553287982,7.6740463558758165,1.1246321747822272
0.0374392569065094,1.8111564625850352,2.1503371205180883,1.3162377818920157
0.03380932658910751,1.8575963718820865,2.6627555917948484,1.3211306101312388
0.02312062866985798,1.880816326530613,10.895419515669346,1.3822091109467451
0.02485712245106697,1.9040362811791396,8.156078804284334,1.2714756055414953
0.025714784860610962,1.9736961451247175,6.8096557930111885,1.39028932084987
0.027479084208607674,2.0897959183673467,4.114690119319221,1.204901988724128
0.032947685569524765,2.136235827664398,7.992272313684225,1.269485695654185
0.018837526440620422,2.1826757369614493,2.4572089638134003,1.3885600957195343
0.027224846184253693,2.2291156462585024,2.37331317178905,1.249538406512451
0.032137442380189896,2.2755555555555538,2.9636720777489245,1.4540039133743679
0.01067083515226841,2.3452154195011317,8.495927284002391e-05,1.2302804550361384
0.01952093094587326,2.368435374149658,4.694670595228672,1.3860486347968213
0.018494749441742897,2.4613151927437626,8.60143381357193,1.2088364818329784
0.0222617220133543,2.5077551020408158,15.753098418936133,1.0940418607008375
0.03977956995368004,2.5774149659863936,0.027068592875025388,1.5219688273203815
0.023949626833200455,2.6470748299319715,4.968159254640341,0.8589974631383999
0.023238738998770714,2.670294784580498,6.172532577067614,1.2629262954422904
0.24215570092201233,2.7631746031746025,5.178790441248566,1.060545624037092
0.04300377517938614,2.786394557823129,2.2918646298348904,1.519898005921173
0.028295079246163368,2.8328344671201804,15.077019274234772,1.4397344713737468
0.027305185794830322,2.856054421768707,6.222435671836138,1.1967600762674449
0.020746629685163498,2.9257142857142866,14.026338823139668,1.3737629298400562
0.05000046640634537,3.0418140589569176,5.658733090385795,1.4894711664987736
0.021277908235788345,3.0650340136054424,4.190785627346486,1.2037167022165256
0.01051370706409216,3.1346938775510202,4.740961749106646,1.2855584957256108
0.02637714147567749,3.157913832199545,4.493729727342725,1.7047804639230302
0.030666429549455643,3.204353741496598,6.517713724635541,1.3062553100527037
0.0380980521440506,3.2507936507936512,8.48433555290103,1.2803284790882004
0.040792711079120636,3.2972335600907043,9.461741695646197,1.4724234099937208
0.029252616688609123,3.3204535147392327,1.9077889695763588,1.1981532958602783
0.04028603434562683,3.3668934240362822,3.2574276570230722,1.424770075171381
0.03119208663702011,3.3901133786848106,10.420330697670579,1.0104200426037726
0.016354909166693687,3.4597732426303884,2.054328953847289,0.7840712325313367
0.021309757605195045,3.5062131519274415,13.825078379362822,1.4601990241064842
0.024799078702926636,3.5990929705215478,0.3198326142571375,1.2574747438176714
0.029753459617495537,3.6687528344671256,5.71203251183033,1.2466500810732
0.022066952660679817,3.6919727891156504,16.06229607015848,1.9808476985979027
0.034023988991975784,3.7151927437641787,8.225143626332283,1.0751394509722279
0.03338777273893356,3.761632653061232,1.430540188215673,1.2894340008547402
0.028406495228409767,3.808072562358285,4.566938145086169,1.3683408398979122
0.015226812101900578,3.8545124716553345,9.743668092414737,1.4603208753403767
0.03178152069449425,3.9009523809523876,5.86696619912982,1.4437357352159248
0.03532746434211731,3.9706122448979655,4.473910879343748,1.0867798469217949
0.038448937237262726,3.9938321995464903,0.0003743284643178413,1.3423076274449421
0.028442159295082092,4.040272108843544,3.397783149033785,1.4235087588815643
0.022302426397800446,4.1331519274376465,3.5421937159960635,1.339180997309095
0.032129835337400436,4.1795918367347,2.6863992824219167,1.278374257265777
0.03760529309511185,4.226031746031753,3.2085967492312193,1.1266768738748874
0.027790172025561333,4.2492517006802775,12.258083052933216,1.4562600780074408
0.02136404439806938,4.295691609977331,4.537646032869816,1.4461854937299494
0.016264278441667557,4.318911564625855,12.392805164679885,1.2210733197583061
0.032343603670597076,4.3653514739229085,4.589199885725975,1.3734638182807075
0.02168644592165947,4.388571428571437,2.2875832840800285,1.5629992280609255
0.036540478467941284,4.43501133786849,6.65063001960516,1.3946617117951061
0.029349779710173607,4.481451247165543,10.204753063619137,1.2254020964211927
0.02318367175757885,4.551111111111121,3.2555810753256083,1.0851999475488956
0.017741218209266663,4.620770975056699,7.604966249316931,1.474763187731316
0.024123061448335648,4.667210884353752,7.749665040522814,1.356215549795112
0.032958969473838806,4.690430839002277,7.00897110812366,1.3062826085779546
0.024936242029070854,4.73687074829933,11.947954551316798,1.0725008349446332
0.01802242174744606,4.783310657596383,9.880797758698463,1.442735578368565
0.020738234743475914,4.829750566893436,9.797461932830913,1.4578225019357502
0.009887819178402424,4.922630385487539,6.5518630519509315,1.1567677326316081
0.019255496561527252,4.969070294784592,3.31315085478127,1.1090770013030813
0.019154779613018036,5.03873015873017,9.722540557384491,1.3655062210379931
0.029720479622483253,5.085170068027223,2.675586823374033,1.2377886927113255
0.030954981222748756,5.131609977324276,12.406709647504613,1.231508748162471
0.032575029879808426,5.201269841269854,15.225310783833265,1.2921160315935636
0.022856080904603004,5.317369614512485,5.9871082082390785,1.6108265548083525
0.02042767032980919,5.3405895691610095,18.97082625888288,1.2013974810219714
0.028136232867836952,5.410249433106591,2.2153847105801105,1.3886676420465114
0.02091711387038231,5.479909297052169,2.077590450644493,1.2126714023311078
0.027649393305182457,5.526349206349218,7.764384548645467,1.356941715465296
0.044690292328596115,5.596009070294796,4.115507002645018,1.336983667956049
0.012475612573325634,5.642448979591846,4.864833705127239,1.4525053458283554
0.023729795590043068,5.688888888888895,7.851301793009043,1.271970655021479
0.023938853293657303,5.758548752834473,2.071133378893137,1.2597382886371435
0.037358056753873825,5.874648526077104,3.8862943928688765,1.2304459610362757
0.07666164636611938,5.921088435374157,3.6635951343923807,1.2456256323083523
0.2318888008594513,5.990748299319735,7.655048023025302e-05,0.8944369828215448
0.008531550876796246,0.06965986394557824,9.85296288691461,1.3533492624928496
0.08567516505718231,0.11609977324263046,3.2419506253208965,1.3102997598979937
0.2649565041065216,0.1625396825396818,3.1706869727931917,1.46721068543671
0.22744257748126984,0.2554195011337862,9.167111336253583,1.8722372181228042
0.08326537907123566,0.3018594104308375,17.884302034974098,1.4861018907524153
0.9674243330955505,0.34829931972788886,6.452919088304043,1.2252609755222912
0.05085610970854759,0.3715192743764154,4.763006668537855,1.4030207911178223
0.06377476453781128,0.4179591836734685,9.124246784020215,1.3997560866427725
0.048445988446474075,0.4876190476190464,6.093956278637052,1.2452136972991519
0.04275292530655861,0.5804988662131526,4.8457041047513485,1.2659798672954703
0.03603259101510048,0.650158730158734,2.156436262652278,1.392218076520931
0.0473056435585022,0.7198185941043119,4.282825954258442,1.2970549360187826
0.02657429315149784,0.7662585034013615,9.23941034078598,1.1730176848356748
0.03427811339497566,0.8591383219954641,5.442740633850917,1.3172331483058808
0.02455233968794346,0.8823582766439889,2.869704306125641,1.313066046310165
0.03156425058841705,0.9287981859410385,1.9729893133044243,1.3263562656008097
0.05259964242577553,0.975238095238088,11.961912926286459,1.2626450605899062
0.030606554821133614,1.044897959183666,10.672984879463911,1.379396263952975
0.0451652891933918,1.0913378684807191,11.157518282532692,1.530871546766851
0.030146367847919464,1.114557823129244,4.481453187763691,1.426281790120945
0.05126697197556496,1.2074376417233466,9.101293405517936,1.5702973470830026
0.033866655081510544,1.3003174603174528,5.060226898640394,1.3514459331087854
0.03894760459661484,1.3467573696145059,3.244070385582745,1.3342352237677215
0.03058471903204918,1.4164172335600838,10.908886585384607,1.2182047638033278
0.017189623787999153,1.5092970521541864,12.864567540585995,1.4509883752326729
0.03646640107035637,1.5557369614512395,13.258548088371754,1.5489467982424678
0.02858642116189003,1.6021768707482926,7.916390761570881,1.3341768738165907
0.02798127569258213,1.6486167800453457,2.4095563162118196,1.2428345671039975
0.013904137536883354,1.6950566893423988,6.571155294775963,1.1751085856095502
0.020269878208637238,1.741496598639452,2.5646483670383304,1.1780876778059661
0.028096631169319153,1.787936507936505,12.14749694056809,1.5145198708748036
0.031842488795518875,1.8808163265306077,9.010028660297394,1.4107012835590993
0.01910964585840702,1.9504761904761856,13.540743499994278,1.4852353964188911
0.02385406568646431,2.0433560090702882,0.06934062376501515,1.5356815143966978
0.014070137403905392,2.0897959183673414,5.17742670699954,1.2335689332592181
0.020027974620461464,2.1130158730158697,1.7049684822559357,1.2849932813439062
0.018741311505436897,2.1594557823129192,6.827108643949032,1.193946824922106
0.017717277631163597,2.182675736961444,13.552154824137688,1.7009751012528112
0.031707514077425,2.2755555555555502,6.969534587115049,1.2321015540135256
0.01869826391339302,2.345215419501128,3.8052821718156338,1.2473072768938946
0.014305539429187775,2.414875283446706,6.3507963102304075,1.2787562578108032
0.028866881504654884,2.4380952380952308,13.374502573162317,1.426898900359805
0.028742218390107155,2.5077551020408086,4.515264946967363,1.4429590526694644
0.01177024096250534,2.5774149659863865,4.4192065224051476,1.2097302325478654
0.01851993054151535,2.6006349206349113,8.64390982594341,1.2939044678822813
0.028238406404852867,2.6470748299319644,3.3670936301350594,1.104594138876668
0.020706940442323685,2.7399546485260706,2.9887167923152447,1.435952131496525
0.017688216641545296,0.0696598639455781,8.529487155377865,1.2503225196129806
0.006555191241204739,0.11609977324263032,15.82605879381299,1.3632548935018873
0.025268753990530968,0.13931972789115687,9.076325483620167,1.436052140315897
0.023067930713295937,0.20897959183673565,11.324526098556817,1.568673489957987
0.023331666365265846,0.255419501133787,15.863823812454939,1.1299384041226237
0.032019056379795074,0.2786394557823135,5.2165860598906875,1.5641875731353452
0.023375675082206726,0.32507936507936663,2.639073219150305,1.316657502519816
0.03412212058901787,0.37151927437641974,9.860881179571152,1.043549517273288
0.020842092111706734,0.3947392290249445,1.2892083954066038,1.2159965261235637
0.030695440247654915,0.44117913832199407,7.749579221010208,1.257525320809742
0.039435092359781265,0.510839002267572,8.772855095565319,1.385574208454366
0.008928847499191761,0.6037188208616782,8.293847730383277,1.182325643313459
0.00927573163062334,0.6501587301587313,0.19588931493149175,1.5828719572913668
0.001549255452118814,0.6965986394557844,3.602787216193974,1.1915892913011341
0.02713136374950409,0.7430385487528375,8.35214151442051,1.4651509165410168
0.009615148417651653,0.7662585034013658,8.878581090830266,1.2417477558350571
0.027853844687342644,0.8126984126984189,6.007469765841961,1.3113519808849021
0.08358607441186905,0.8359183673469437,1.4131091446615756,1.2610689787319032
0.0565333217382431,0.8591383219954685,5.938395258039236,1.3113247282077316
0.010757297277450562,0.8823582766439932,7.808600882679457,1.3165275761415536
0.04722197353839874,0.9287981859410464,9.829673737287521,1.4439988898297431
0.04695781320333481,0.02321995464852608,2.0836784224957228,1.3970321157041115
0.0885387733578682,0.09287981859410441,10.848999969661236,0.9771451373125409
0.03748534247279167,0.1160997732426303,15.446735173463821,1.363827466834196
0.004789610393345356,0.1857596371882084,3.3863450661301613,1.338019043889437
0.009421918541193008,0.2321995464852604,2.6815430372953415,1.1885956570740992
0.06426727771759033,0.32507936507936463,4.388015436008573,1.15137365578177
0.05538912117481232,0.37151927437641685,3.279191680252552,0.939984100607095
0.11334306001663208,0.39473922902494296,2.0100001927715425,1.5280090371907893
0.03979314863681793,0.41795918367346907,10.485631063580513,1.4053621504985303
0.00425764499232173,0.46439909297052084,2.369578756392002,1.2484434526835062
0.008786673657596111,0.5108390022675731,2.9065380953252316,1.4632612731306631
0.06179763004183769,0.5804988662131509,8.743727639317513,1.2762216401122757
0.043982069939374924,0.603718820861677,0.8152058298094289,1.0227563092808944
0.11061099916696548,0.6733786848072558,5.127847962547094,1.2266342586142833
0.03678921237587929,0.6965986394557815,5.408249463886023,1.4421582986032768
0.007043126039206982,0.7430385487528337,4.7120448863320235,1.610569186494316
0.007105427328497171,0.789478458049885,4.954789321869612,1.4197595474271367
0.00577853387221694,0.8359183673469373,13.204096430912614,1.3635061480503703
0.03256538510322571,0.8823582766439886,18.750005144625902,1.655063513021441
0.014115255326032639,0.9055782312925151,4.905326186679304,1.4690835076239002
0.015177666209638119,0.9287981859410417,17.869303377345204,1.7913927737806739
0.04764566197991371,0.9984580498866196,1.452986590098476,1.1360308332864564
0.050938043743371964,1.0448979591836718,7.415891446173191,1.6217659121950416
0.02997245080769062,1.1145578231292514,3.9750954750925303,1.2343014216200334
0.035331882536411285,1.2074376417233559,6.0840533673763275,1.2394603731560745
0.024804582819342613,1.253877551020409,14.167631924152374,1.2562745241842959
0.05107220262289047,1.36997732426304,11.802874319721013,1.177974058158331
0.03625686466693878,1.3931972789115648,3.333500212058425,1.1739162677143162
0.040018048137426376,1.4396371882086179,5.258722005877644,1.186623989636347
0.017988739535212517,1.5092970521541957,2.5336976163089275,1.1772813911168432
0.023221267387270927,1.555736961451247,1.124190078349784,1.3809517917565137
0.055400554090738297,1.625396825396825,12.187363296747208,1.3966160503603973
0.03918231651186943,1.7182766439909294,12.62164956703782,1.039756465422836
0.03605801984667778,1.7879365079365073,5.209710344672203,1.4706667512683116
0.02417309209704399,1.8111564625850338,17.30596970644484,1.3277773374350679
0.020573440939188004,1.8575963718820852,6.38151741027832,1.2585959614156623
0.03314422070980072,1.9504761904761896,14.59120374917984,1.2573150725326203
0.035556793212890625,1.996916099773241,8.010338261723518,1.0404310025127514
0.05795780569314957,2.043356009070294,0.6599022233858705,0.8987688184802883
0.03947402536869049,2.0897959183673454,18.214905232191086,1.0232674090814433
0.04283323511481285,2.18267573696145,8.376257160678506,1.4537670976567947
0.057186126708984375,2.2058956916099746,5.982234559953213,1.0959386854317856
0.0742761567234993,2.2755555555555524,0.061656475166273594,1.5803196205063608
0.050530336797237396,2.3219954648526056,9.211654037237167,1.4074219788574078
0.031887486577034,2.4380952380952365,4.8708812184631824,1.4699828820671332
0.03577948734164238,2.484535147392286,14.238478157669306,1.264471367202466
0.022694407030940056,2.5774149659863923,4.455392375588417,0.6804334024845714
0.02789587713778019,2.670294784580495,7.766710454598069,1.2721738535123355
0.044248852878808975,2.786394557823126,14.411955576390028,1.742215120967223
0.07236503064632416,2.832834467120179,0.9960229778662324,1.3080489726473656
0.04316399618983269,2.902494331065757,8.139339689165354,1.2668941945493117
0.020617332309484482,2.9489342403628065,16.651287522166967,1.3761865324604843
0.03267570585012436,2.9953741496598596,4.842604253441095,1.364000905583603
0.03553386777639389,3.0418140589569127,7.330632095225155,1.3496718363371127
0.046331387013196945,3.134693877551019,17.253401771187782,1.4635331442033308
0.0761290118098259,3.25079365079365,4.34521434828639,1.475577153926122
0.03949134796857834,3.3204535147392313,3.550547644495964,1.4902704420584223
0.01697666198015213,3.366893424036281,10.01819308847189,1.6752293795328317
0.014222240075469017,3.4365532879818588,9.73285754059907,1.4848332731025613
0.022501114755868912,3.5062131519274367,7.260863896459341,1.2451930265578086
0.022534204646945,3.5526530612244898,10.660977527499199,1.6359814050202086
0.04567514359951019,3.6223129251700676,6.488723587244749,1.2638758051089802
0.10357768088579178,3.715192743764174,5.129616942256689,1.5013839780612255
0.044888462871313095,3.8080725623582765,7.400583826005459,1.7095490758664267
0.02144022472202778,3.8545124716553296,12.063400141894817,1.2136636183826046
0.0294028390198946,3.947392290249436,8.565191809087992,1.622535069821351
0.030537493526935577,4.0402721088435385,2.7609420232474804,1.2980516108147593
0.06850334256887436,4.086712018140588,4.441464005958551,1.2081828667605001
0.05387631058692932,4.133151927437638,6.277558108791709,1.2788505787695177
0.028800925239920616,4.156371882086166,5.797162260860205,1.7432699481675356
0.022522911429405212,4.202811791383219,5.432377148419619,1.1776206280962573
0.016958247870206833,4.272471655328797,3.0952799022197723,0.9330984886362337
0.017767824232578278,4.3189115646258465,10.447477750480175,1.3063565401524069
0.026464739814400673,4.4350113378684775,10.28226863592863,1.677840284500186
0.039257414638996124,4.504671201814055,9.863300755620003,1.40917621995461
0.07910666614770889,4.5975510204081615,2.2040369156748056,1.0452712069812766
0.0395517535507679,4.713650793650789,11.12376702716574,1.3364926818091123
0.028601763769984245,4.806530612244892,18.007131736376323,0.9217064124611176
0.033457864075899124,4.829750566893416,9.587740723975003,1.478018552387415
0.017318224534392357,4.922630385487519,8.10499731451273,1.1992851371330213
0.026542240753769875,5.03873015873015,4.758388936519623,1.3822580759298522
0.0442483015358448,5.0851700680272,12.355994708836079,1.5383939346109499
0.026369983330368996,5.1548299319727775,9.347379513084888,1.5338520373723605
0.027442099526524544,5.247709750566884,13.918751310557127,1.2218983282131453
0.0830492377281189,5.294149659863937,5.380626056343317,0.8797122055556124
0.04057593271136284,5.317369614512462,3.8917466551065445,1.2494415438513145
0.06355614960193634,5.363809523809511,10.82222467660904,1.469139281837248
0.16273318231105804,5.433469387755089,4.059351957066497,1.3568818117598211
0.08867862820625305,5.526349206349195,5.954865914769471,1.1069454596501949
0.03156840056180954,0.02321995464852608,6.114554577507079,1.1995297977278347
0.07509209960699081,0.06965986394557824,3.089207973331213,1.259067583068875
0.03444819152355194,0.11609977324263046,6.670571364462376,1.5798062370583394
0.08111392706632614,0.18575963718820868,16.41073176637292,1.1935644645656407
0.13283886015415192,0.23219954648526078,2.207791383654694,1.3589958830540687
0.13444064557552338,0.27863945578231275,3.834873355925083,1.206922132510968
0.024346742779016495,0.32507936507936475,3.77751145651564,1.038686196291914
0.06499102711677551,0.4179591836734692,9.996711201965809,1.1562282975305875
0.07674651592969894,0.4643990929705214,4.049470090772957,1.3118698679140965
0.03328796476125717,0.5340589569160997,8.938948126975447,1.41136755928611
0.04158998653292656,0.6501587301587298,2.0602936120703816,1.3248877218420434
0.12509337067604065,0.696598639455782,8.139338929206133,1.4613326259275627
0.10253989696502686,0.7430385487528338,14.698211406357586,1.252165413465252
0.03409046307206154,0.7662585034013599,2.8827715385705233,1.1881005738282298
0.08901290595531464,0.8126984126984121,14.348225930705667,1.334794400888749
0.03482416272163391,0.9287981859410427,12.647322084754705,1.4570109683292445
0.048578206449747086,0.9752380952380949,5.015642881393433,1.4772324088634095
0.1149645671248436,0.998458049886621,7.44947973638773,1.2876081130556296
0.07410535216331482,1.0448979591836731,2.7587322085164487,1.1992264369940748
0.03269992023706436,1.0681179138321992,9.251095347106457,1.3501227555783846
0.07498433440923691,1.137777777777778,9.774907357990742,1.4129894572791448
0.04187348484992981,1.2074376417233559,7.555185966193676,1.5903622657518144
0.08639349788427353,1.253877551020408,2.9636720777489245,1.4540039133743679
0.11263257265090942,1.323537414965986,12.065338794142008,1.3670707324394096
0.1242104172706604,1.3699773242630382,7.0669107139110565,1.391402955729033
0.020797409117221832,1.4164172335600904,3.453263385221362,1.4725649658904978
0.044408053159713745,1.5325170068027205,9.356175508350134,1.0026623259434908
0.07498154044151306,1.5789569160997727,10.840140383224934,1.2554758874192802
0.031165137887001038,1.625396825396825,9.171018399298191,1.6630814416793316
0.039680417627096176,1.741496598639455,13.679943181574345,1.3918096056148554
0.1272759735584259,1.7647165532879807,10.779991298913956,1.3041425886133888
0.09425778687000275,1.8808163265306117,6.169749099761248,1.076758500074398
0.0297542791813612,1.9040362811791383,6.801129786297679,1.3814910630000528
0.0988769382238388,1.9736961451247161,4.146439999341965,1.061939767004669
0.025590436533093452,2.0665759637188206,5.160008519887924,1.3413043520972283
0.05196503922343254,2.1362358276643993,6.613530661910772,1.1456164216651412
0.11190575361251831,2.159455782312926,9.93571650236845,1.2083528895492939
0.11783825606107712,2.1826757369614516,5.56918029487133,1.1271704699802447
0.023724449798464775,2.205895691609978,21.430490062572062,1.2132841649361108
0.05322663486003876,2.229115646258504,9.764735995791852,1.347396821484483
0.07824598997831345,2.321995464852608,6.029704995453358,1.2363028485793626
0.04018368199467659,2.3684353741496604,3.583260592073202,1.177688715069883
0.07931775599718094,2.461315192743765,11.5816679354175,1.1598617996271772
0.10975652188062668,2.507755102040816,15.129277609288692,1.342144561611748
0.15817469358444214,2.6238548752834454,8.564654652029276,1.4145204594733982
0.020161814987659454,2.6702947845804985,12.546795919537544,1.0860207233459926
0.027770554646849632,2.7167346938775516,5.397342160344124,1.404287060996913
0.05222420394420624,2.7631746031746047,15.880394570529461,1.449013797857472
0.04164043813943863,2.809614512471658,8.50649742782116,1.45994094444997
0.04866033419966698,2.856054421768709,4.4515333930030465,1.4190463764266268
0.12648527324199677,2.8792743764172357,3.880863517522812,1.35852769943197
0.06348609179258347,2.995374149659865,12.855857047019526,1.3694456335721366
0.022216197103261948,3.0418140589569163,11.265163194388151,1.659706226422386
0.04149655997753143,3.111473922902494,12.812455996870995,1.4971681828731054
0.08998038619756699,3.227573696145125,10.034598119556904,1.5718982588672177
0.034603167325258255,3.2740136054421765,5.826553002931178,1.4216798603250391
0.06539568305015564,3.297233560090703,11.58152088522911,1.423346829993165
0.13920563459396362,3.343673469387756,3.6371531561017036,1.3646521510843985
0.06859900057315826,3.4133333333333358,16.068583607673645,1.6790840674768552
0.03971119970083237,3.4365532879818605,6.0570321548730135,1.3604451403819882
0.07228975743055344,3.4829931972789137,4.028940174728632,1.6542814014548277
0.04607466980814934,3.575873015873018,10.976563706888555,1.3478560672007471
0.06517891585826874,3.599092970521543,12.111906008794904,1.6497165968837846
0.08642639219760895,3.6223129251700676,4.3222017250955105,1.2987188009200294
0.11749240756034851,3.668752834467119,12.650446183979511,1.6686619229527555
0.02450336515903473,3.7151927437641703,6.862601652741432,1.356917920882468
0.05465972051024437,3.7616326530612216,13.90585532784462,1.2183564313880537
0.07499659806489944,3.784852607709748,11.040811518207192,1.5862904608659285
0.0431281179189682,3.8312925170067995,9.510578044253634,1.2721618062671525
0.054132748395204544,3.9009523809523774,16.250168265774846,1.0543951805029728
0.08105737715959549,3.924172335600904,3.2076765531674027,1.2742087939629914
0.03714882582426071,3.970612244897957,14.085579957347363,1.1469863308605401
0.07524047791957855,3.9938321995464836,5.284813266247511,1.3240957592045746
0.02846449986100197,4.040272108843535,8.373107492923737,1.2324176128880562
0.05760331451892853,4.086712018140586,8.606816343963146,1.2168168339355985
0.11712662130594254,4.109931972789113,4.542328301817179,1.2831230824986886
0.06750557571649551,4.156371882086164,7.5791013445705175,1.216263461698245
0.03719336539506912,4.202811791383217,6.465471490286291,1.3589541515921986
0.0878966674208641,4.226031746031744,15.936130514368415,1.0205064914288633
0.04332616180181503,4.3189115646258465,13.23037497792393,1.3084348461827529
0.05044461414217949,4.388571428571424,4.432260174304247,1.3240300389685067
0.09175314009189606,4.4350113378684775,7.549519693188131,1.437797103881141
0.07183998078107834,4.481451247165529,16.336977435450535,1.1894749191624001
0.04108235612511635,4.504671201814055,9.321619480848312,1.231821127352815
0.0687873363494873,4.574331065759633,13.185972165316343,1.3911683889616695
0.04061969369649887,4.597551020408158,1.4723664354532957,1.436573814818609
0.047608692198991776,4.667210884353736,9.40141523256898,1.2504603958187828
0.10449827462434769,4.713650793650789,2.763427760452032,1.3645111828430376
0.07326195389032364,4.760090702947842,11.735889032483101,1.2835635753897958
0.041471827775239944,4.78331065759637,17.433102622628212,1.232675469205126
0.07826350629329681,4.876190476190473,2.7750561460852623,1.4700413983156388
0.03905772417783737,4.969070294784576,1.7324288245290518,1.2374438902771272
0.14398525655269623,5.015510204081629,6.075238525867462,0.9949107198479329
0.07713353633880615,5.061950113378682,4.19562366604805,1.0522912521425023
0.026693088933825493,5.085170068027207,5.402490076608956,1.3190630594132087
0.06605949997901917,5.13160997732426,10.644060671329498,1.1854538353402233
0.03699242323637009,5.178049886621309,5.925967566668987,1.4507034602272697
0.06469196081161499,5.247709750566887,12.859410561155528,1.1210174840321232
0.11256150156259537,5.29414965986394,1.9721044301986694,1.350258015284992
0.0851028710603714,5.3405895691609935,16.409161671996117,0.8896183386552354
0.023516634479165077,5.363809523809518,6.293239653110504,1.4323959269958855
0.03660339489579201,5.456689342403621,2.3038148786872625,1.2838784132624002
0.07744678854942322,5.503129251700674i,4.415399877354503,1.2705002767259501
0.042514242231845856,5.572789115646252,13.676492936909199,1.1441253100791728
0.06158755347132683,5.59600907029478,11.473736986517906,1.4081668915947512
0.11162891983985901,5.619229024943309,2.914172629825771,1.3733036511214154
0.14758512377738953,5.758548752834464,10.686497639864683,1.087179446801698
0.027847886085510254,5.804988662131517,2.7602428514510393,1.2875317297394877
0.07818441092967987,5.874648526077095,10.619722343981266,1.3059278060218915
0.07839696109294891,5.921088435374148,8.75736729055643,1.5043624300326495
0.03435051441192627,5.944308390022677,3.7266608960926533,1.221754094766292
0.04936164990067482,5.990748299319726,8.71717737801373,1.2495512195497562
0.09541501104831696,6.013968253968251,0.025084803251957055,1.286798144905042
0.06643421202898026,6.060408163265301,20.33668238017708,1.0364529211816977
0.029971424490213394,0.023219954648526053,1.7131004827097058,1.1604366319291948
0.013395747169852257,0.04643990929705216,11.704509169794619,0.4729773141990176
0.02082204632461071,0.09287981859410438,13.006766229867935,1.247595314694694
0.054953716695308685,0.11609977324263004,0.04612930003395377,0.80174410622751
0.0015479914145544171,0.20897959183673448,3.657280743122101,1.0961256426803159
0.0015862616710364819,0.3018594104308389,6.414625817909837,0.8885786143531477
0.0020835697650909424,0.34829931972789024,5.0793733187019825,1.1850643781938954
0.0016989659052342176,0.4179591836734699,14.714924223721027,0.6566500275021455
0.0017385598039254546,0.4411791383219947,7.867344525991939,1.1650639941224765
0.00769725302234292,0.5572789115646257,7.988868355751038,1.149848302994507
0.0015112422406673431,0.6269387755102054,8.865050096064806,0.9108080907230675
0.001540258526802063,0.6733786848072585,16.57279586046934,0.9399665449247506
0.0018008740153163671,0.7430385487528364,2.324077008292079,1.1170841437847634
0.0016092559089884162,0.8359183673469426,4.571874113753438,1.3348011335252645
0.0013112181331962347,0.8823582766439957,4.455508226528764,0.9030219411999842
0.006880903150886297,0.9055782312925205,5.360999774187803,1.3602921325983088
0.0016523943049833179,0.9520181405895736,7.224229188635945,0.9491665539320656
0.002089180052280426,0.9984580498866231,9.280389800696867,1.1610211400636319
0.0016480700578540564,1.0448979591836762,2.8190397545695305,1.1268636479303948
0.0018762029940262437,1.1377777777777824,3.473480106842885,0.9731572007717165
0.0055396175011992455,0.02321995464852611,5.602264299988747,0.9812911499656211
0.05238960310816765,0.09287981859410444,7.80731128116895,1.1385729104428457
0.04005665332078934,0.16253968253968276,3.5602484266273677,0.9506044098118315
0.028618881478905678,0.18575963718820887,4.446830756962299,1.0367774354301103
0.05470350384712219,0.20897959183673498,13.833689711987972,1.1462723726830186
0.029510710388422012,0.2786394557823133,2.6603942811489105,1.1291298339154683
0.039793699979782104,0.37151927437641774,8.107713486999273,1.2750107890708844
0.07420787960290909,0.39473922902494385,10.321984971873462,1.1273314620446966
0.021270055323839188,0.4643990929705222,2.1385857579298317,0.9222405558111919
0.049585290253162384,0.5572789115646266,4.988453231751919,0.9759723992783458
0.03486889600753784,0.6037188208616788,14.428348757326603,0.9505752876888841
0.05035210773348808,0.650158730158731,2.0080794654786587,1.0743469243095654
0.02897055819630623,0.7430385487528355,1.4683665968477726,1.0896872577994958
0.03725046291947365,0.8359183673469399,23.835729874670506,0.9040196782399004
0.06461262702941895,0.95201814058957,8.899848900735378,1.3965318463559415
0.05451293662190437,1.0448979591836745,7.209576188586652,0.9731789096095224
0.04085468873381615,1.1609977324263054,2.667968816123903,0.7890285301112765
0.06614958494901657,1.2074376417233568,2.6885545551776886,1.4260952520345498
0.03923342749476433,1.2770975056689347,1.6511814910918474,0.8900616628776309
0.031990744173526764,1.3235374149659878,13.667496182024479,1.0669159901590648
0.03919116407632828,1.3467573696145125,6.969534587115049,1.2321015540135256
0.03834844008088112,1.3931972789115656,5.62792248941696,1.2849498143124185
0.04528665542602539,1.4628571428571435,6.40427877753973,0.9155687001123942
0.027819745242595673,1.5325170068027214,3.726627305150032,0.7595725438418482
0.027890196070075035,1.555736961451248,6.872534181922674,1.102894151899264
0.02747759036719799,1.6486167800453524,3.026272552087903,1.0058263822890963
0.015524758957326412,1.671836734693879,17.122460760176182,1.0948255892340015
0.03035108372569084,1.7182766439909303,4.311444155871868,0.9463555649447258
0.029806021600961685,1.7647165532879834,1.472762694582343,1.0367468664443829
0.041845936328172684,1.8575963718820878,2.568938636686653,0.6909331934439829
0.032648324966430664,1.904036281179141,13.807192338630557,1.1369739388470586
0.03242002800107002,1.9736961451247188,4.565498281270266,1.0043601758011849
0.047107845544815063,2.0665759637188232,3.393138532526791,1.1653166931730021
0.04108890891075134,2.136235827664401,4.634980618022382,1.2062290510636335
0.031276799738407135,2.205895691609979,5.424686916172504,0.7717918026196998
0.026352128013968468,2.275555555555557,5.50224694237113,1.2835980658752333
0.03416977450251579,2.3219954648526064,5.135938197374344,0.9638731391797187
0.037184782326221466,2.4380952380952374,3.918108321726322,1.3071725076968723
0.02474607527256012,2.461315192743762,4.991396406665444,1.1399111684888203
0.04346165060997009,2.53097505668934,12.841270431876183,1.1485505625870884
0.03610052913427353,2.6238548752834463,8.349562734365463,0.9461297608689402
0.03163702413439751,2.6702947845804994,3.5357348173856735,1.0076435655848868
0.016594940796494484,2.693514739229024,9.878364782780409,1.3000993649722024
0.031030571088194847,2.7167346938775525,17.484029546380043,1.0807385754873835
0.05261355638504028,2.809614512471655,10.500621126033366,1.29104464493554
0.015284182503819466,2.8560544217687083,2.040953854098916,1.1639075521913202
0.04262740537524223,2.9024943310657614,7.127044148743153,0.9634256772461391
0.02205444872379303,2.9489342403628145,3.4688804745674133,1.0688381641817073
0.013619450852274895,2.995374149659864,12.380112815648317,1.1030710478964367
0.035693779587745667,3.13469387755102,10.1058504357934,1.0365057668344548
0.021617813035845757,3.181133786848073,2.414495183620602,1.0608129502700296
0.007592483423650265,3.2043537414966012,2.1930942234099575,0.9535361640990041
0.037759870290756226,3.297233560090704,5.1753363609313965,0.7846402052519009
0.0683954730629921,3.366893424036282,5.998886378481984,1.3105132083327364
0.00643041031435132,3.459773242630388,5.434124926570803,0.9689202067524552
0.013759970664978027,3.5526530612244906,3.131770784035325,1.0804893607714579
0.03023279830813408,3.6455328798185933,5.718578789383173,0.9846971440554992
0.05179619789123535,3.7384126984126995,9.793976816348732,1.1635914547335413
0.03259985148906708,3.8080725623582774,6.307011876255274,1.0132723242393458
0.031409502029418945,3.877732426303859,7.774556053494848,1.0715392009095575
0.05259733647108078,3.900952380952387,6.4002849496901035,1.0612220492857893
0.014286749064922333,3.9938321995464934,3.7695064255967736,1.1674593715425898
0.04652209207415581,4.063492063492071,4.2847335282713175,1.2903168885075942
0.020831802859902382,4.109931972789124,6.5559056885540485,1.2036086332246858
0.014185875654220581,4.156371882086174,15.58917494979687,1.053888026498277
0.02855362743139267,4.202811791383227,11.712605624459684,1.0749036976198052
0.022455286234617233,4.295691609977333,9.133606135845184,1.0484479488921639
0.0550326369702816,4.342131519274386,1.7460048999637365,1.0871397449986873
0.02759524993598461,4.3885714285714394,13.02438336610794,0.8574637853382127
0.01970084384083748,4.4350113378684926,3.492196030842024,1.1003721728356093
0.029467353597283363,4.574331065759652,4.688658837229013,0.8570301019732216
0.01617586985230446,4.64399092970523,4.587193660438061,0.9674791963167234
0.008331057615578175,4.736870748299336,3.0466782487928867,0.8228148627616383
0.030239412561058998,4.783310657596389,4.311444155871868,0.9463555649447258
0.04240886867046356,4.852970521541967,6.867123989388347,0.954968924084173
0.028734596446156502,4.876190476190495,9.946066834032536,0.8109406606731917
0.0259470883756876,4.922630385487548,3.9918572045862675,1.3473584697761585
0.004662244115024805,4.992290249433126,4.0103917345404625,1.1767852730991468
0.035478562116622925,5.061950113378704,2.1879336573183537,1.187389874927177
0.028682420030236244,5.178049886621335,0.04612930003395377,0.80174410622751
0.03109990805387497,5.247709750566913,7.291058371774852,1.0597452366766977
0.03421769663691521,5.294149659863966,4.499059679597849,1.3035525842453783
0.041908372193574905,5.363809523809548,11.285378232598305,1.0098722832390241
0.03049706481397152,5.4334693877551254,1.7642997987568378,1.3116437663441274
0.041333772242069244,5.4799092970521786,5.918742902576923,0.9388278080132642
0.03770105540752411,5.54956916099776,24.685806836932898,1.285200387466922
0.03206118568778038,0.02321995464852608,7.653968662023544,0.9975400200305916
0.036629289388656616,0.1160997732426304,6.4792877193540335,1.3341926054398168
0.025752650573849678,0.278639455782313,7.005687985569239,1.3024062481869005
0.04017083719372749,0.3482993197278913,2.6298611778765917,0.8801864601112239
0.02683737315237522,0.3715192743764172,9.133606135845184,1.0484479488921639
0.028367972001433372,0.44117913832199507,4.838937859982252,0.993141629708582
0.027661452069878578,0.4876190476190473,18.611592434346676,1.1520534734383872
0.013808646239340305,0.5572789115646256,4.068372348323464,0.863972129968176
0.03286829590797424,0.6037188208616778,6.099806547164917,0.7512647576624989
0.027952294796705246,0.6733786848072562,3.433882661163807,1.142886865479429
0.01709059253334999,0.7430385487528345,8.107713486999273,1.2750107890708844
0.017617614939808846,0.7894784580498867,5.9634217992424965,1.2589716303950713
0.022238202393054962,0.9055782312925172,13.602569855749607,0.9006174649295552
0.015696262940764427,0.9520181405895695,6.555997809395194,0.8787544298722147
0.037886422127485275,0.9984580498866217,3.8749131243675947,1.1332859441306715
0.02907393127679825,1.0448979591836731,6.690689674665919,0.6968060792341495
0.029258135706186295,1.0913378684807253,5.602969579398632,1.3507430796711277
0.03072240576148033,1.1377777777777776,4.5519513711333275,1.33330216999886
0.024830101057887077,1.1842176870748298,6.722527913749218,0.6886190182517253
0.04198213294148445,1.230657596371882,11.00966615602374,0.9877147634271164
0.04011080414056778,1.2770975056689342,13.23770385235548,1.5884941429312616
0.0419137105345726,1.3235374149659864,6.36421283007212,1.0899496076858506
0.049900174140930176,1.41641723356009,0.7603112533688545,0.9190935180211008
0.036356326192617416,1.4860770975056679,4.114690119319221,1.204901988724128
0.026040108874440193,1.5789569160997723,5.023647324182093,1.134629507631365
0.07229261100292206,1.6253968253968245,7.152356926351786,1.0364784299770697
0.0368841178715229,1.6718367346938767,0.057843709195594784,1.0010941966031823
0.03685581311583519,1.718276643990929,25.07050815038383,1.2386677167120406
0.06182192638516426,1.7414965986394555,2.7629985362291336,1.181121694936053
0.04732760041952133,1.8111564625850334,6.63850936293602,1.022115796123101
0.032127026468515396,1.9040362811791378,7.093584267422557,1.1817040756142871
0.044344887137413025,1.950476190476191,2.5013148402795196,0.9588225731132052
0.03723348677158356,1.9736961451247157,7.640728492289782,1.1979451182366139
0.0476306714117527,2.020136054421769,4.988453231751919,0.9759723992783458
0.04452293738722801,2.066575963718822,10.317134879529476,0.9432048001610808
0.02805740013718605,2.1362358276644,6.460634289309382,0.8967157710352299
0.09506112337112427,2.182675736961453,1.2553983986725825,0.8873718361249151
0.04870963469147682,2.229115646258506,7.209576188586652,0.9731789096095224
0.033681098371744156,2.2523356009070326,0.001198029236434195,1.119499343417987
0.06660839915275574,2.275555555555559,3.7115405537188053,1.346842911412944
0.04674149677157402,2.345215419501137,10.471576951444149,1.2671132144235466
0.024098975583910942,2.4380952380952414,5.540562801063061,1.3323982868393496
0.027876464650034904,2.4845351473922928,5.46011386718601,1.3148527707566389
0.051045604050159454,2.530975056689344,7.864609532058239,0.9486306482369549
0.039751823991537094,2.577414965986397,13.503303281962872,1.0230936718919588
0.03187701106071472,2.6238548752834485,4.436509311199188,1.317732036553555
0.0418645478785038,2.6935147392290264,2.532239731401205,1.3513615658933371
0.04197876155376434,2.7399546485260795,4.381879221647978,1.3435510726411928
0.041361287236213684,2.832834467120184,24.88400757506315,1.333199480058226
0.030375389382243156,2.8560544217687105,0.9205387178808451,0.803941052558459
0.05872402712702751,2.9257142857142884,2.343920961022377,1.2368379854302674
0.056769706308841705,2.9721541950113397,16.84996135835536,1.079718296634226
0.028304442763328552,3.065034013605444,5.164288896135986,1.152222926976
0.03942551836371422,3.134693877551022,4.0701557516586035,0.8928285051808283
0.06661377102136612,3.1811337868480734,6.902891896665096,0.9905953991220677
0.04657658189535141,3.274013605442178,4.172301292419434,1.0365625020942224
0.03504452481865883,3.320453514739231,2.3553077494725585,0.9862939056525047
0.043916862457990646,3.3901133786848088,3.5601020101457834,1.2895484303166813
0.04534226283431053,3.436553287981862,3.314109046012163,0.9830881547465689
0.037626951932907104,3.4829931972789114,9.052148576825857,1.5911959048458022
0.06315629929304123,3.5294331065759645,13.401790908053954,1.2299749425537505
0.02400071546435356,3.5758730158730176,8.113709821365774,1.0464630742568095
0.06186508759856224,3.6223129251700708,3.4846411768812686,1.3178925079087285
0.09783053398132324,3.668752834467124,3.2025237935595214,1.0362260229097957
0.03424616530537605,3.691972789115652,9.076033698394895,1.4491846383991993
0.03220728784799576,3.76163265306123,4.3578053042292595,1.0746792771428333
0.07621036469936371,3.8080725623582796,8.772161908680573,1.4002476275185258
0.06996576488018036,3.8777324263038575,1.0089953858405352,1.1229101172758398
0.03839872032403946,3.924172335600907,1.5917104743421078,0.9786027403899017
0.03979271277785301,4.017052154195014,3.2324674744158983,1.0765650392568726
0.054090991616249084,4.063492063492067,4.644729496372747,1.435567079397916
0.03171330690383911,4.109931972789116,9.024509884417057,1.0543338426819733
0.03447066619992256,4.179591836734694,6.46951193921268,0.7709326166681234
0.04137217998504639,4.226031746031744,21.013613369315863,1.0037524121752894
0.0377826951444149,4.272471655328793,4.029808142222464,1.480638543432911
0.034357767552137375,4.318911564625843,3.9970818558940664,0.8095079316043742
0.029514942318201065,4.365351473922896,8.491008289158344,1.1188451904676542
0.034874290227890015,4.388571428571421,3.9263725409982726,1.1918144405894207
0.03652992844581604,4.43501133786847,17.566250096075237,1.2223410155195666
0.04199704900383949,4.4814512471655235,13.611238285899162,1.104639429692
0.03798878937959671,4.527891156462577,5.531115207821131,0.8446014597464032
0.04529835656285286,4.620770975056679,4.197707623243332,0.9663452221216441
0.03639713302254677,4.667210884353732,12.215848982334137,1.4667967083870372
0.03433672711253166,4.713650793650785,4.988453231751919,0.9759723992783458
0.04313608631491661,4.736870748299314,9.201010920107365,1.0207514670366988
0.0382874421775341,4.829750566893416,4.510560017079115,1.490177715443924
0.03192369267344475,4.852970521541941,6.932685584644787,1.0203028585156397
0.04858698323369026,4.899410430838994,4.0253480691462755,1.2985171767774408
0.035026878118515015,4.969070294784572,8.979427333921194,0.9073574750706727
0.0437416173517704,5.015510204081625,6.537845328450203,1.118645777739441
0.04219181463122368,5.061950113378678,2.847404196858406,1.1575113087618278
0.046980153769254684,5.178049886621306,1.3714583702385426,1.1877510108672527
0.06133709475398064,5.247709750566884,7.988868355751038,1.149848302994507
0.04211219772696495,5.2709297052154085,11.948617823421955,1.1316288991214012
0.037067122757434845,5.294149659863937,0.0013484552778209036,1.2590567980637324
0.04297294840216637,5.363809523809515,6.025021892040968,1.0503357476883368
0.0431954562664032,5.387029478458043,7.162193868309259,1.1594237731164532
0.033955007791519165,5.433469387755096,15.436428271234035,0.9942468734431233
0.03213277459144592,5.503129251700674,12.35179035924375,1.1117135465295058
0.027319563552737236,5.549569160997724,13.100695665925741,1.3187242016976917
0.03266580030322075,5.596009070294777,5.19629312120378,1.019143143419887
0.03227745369076729,5.642448979591826,17.387193273752928,1.0015654367086388
0.03273182734847069,5.665668934240351,9.01638886705041,0.9899263902897838
0.07264634221792221,5.735328798185929,4.093060154467821,1.2378931359967227
0.0767936259508133,5.804988662131507,7.703234635759145,1.0335637689543051
0.030367745086550713,5.874648526077085,5.778866458684206,0.8827802930903339
0.03034857101738453,5.921088435374138,3.717858597636223,1.1416549595952832
0.05748569592833519,5.967528344671187,4.066216565668583,1.288805791350685
0.026002034544944763,5.990748299319712,16.905555616365746,1.1158551605254456
0.02660137601196766,6.037188208616765,4.522544569452293,0.7486198419512291
0.048515331000089645,6.06040816326529,6.093956278637052,1.2452136972991519
0.037503067404031754,6.1068480725623395,18.987086974084377,1.0908307586144061
0.02552182786166668,6.130068027210868,2.1700648311525583,1.2123378968544367
0.07663273066282272,6.153287981859396,8.72435013204813,1.387066155609463
0.01284070685505867,6.199727891156449,20.41997193545103,1.339111531404725
0.013430633582174778,0.02321995464852608,15.700883768498898,1.0175902447145282
0.013423529453575611,0.04643990929705219,5.089242950081825,1.1253941497074604
0.01723119616508484,0.09287981859410419,2.0508210696280003,1.1258263764734697
0.030354324728250504,0.1393197278911564,4.587193660438061,0.9674791963167234
0.01981496810913086,0.1625396825396825,6.16353128105402,1.2787777535054072
0.02044290490448475,0.18575963718820862,6.037187658250332,0.9367209880763466
0.020105285570025444,0.20897959183673473,8.738052278757095,0.9699857668275954
0.01578679122030735,0.27863945578231264,3.413728591054678,1.5306691871964164
0.020030518993735313,0.30185941043083875,2.101730313152075,1.03644283861695
0.018068604171276093,0.34829931972789097,6.493150070309639,1.084154140421388
0.021730609238147736,0.46439909297052107,9.925222728401423,1.1119590897057887
0.015539735555648804,0.5108390022675733,12.582256568130106,1.226249332714256
0.024949001148343086,0.534058956916099,3.0252860356122255,1.0749980946214743
0.02850295603275299,0.6269387755102034,2.8838607911020517,1.070845778765212
0.031232304871082306,0.6733786848072556,7.835190940648317,1.1246052700301878
0.03787693381309509,0.7198185941043078,0.002578301543735506,1.1123933420474779
0.034642696380615234,0.7894784580498866,8.692215798422694,1.075091007355464
0.02785508893430233,0.8359183673469388,8.565512504428625,1.0998355324090476
0.061468105763196945,0.882358276643991,10.364146846346557,1.100673646946833
0.04324892535805702,0.9752380952380946,8.23729058355093,1.1426054579462928
0.02994484454393387,1.0216780045351477,5.35060849506408,1.0798780364136928
0.048775382339954376,1.0913378684807273,12.562896206974983,1.2625641677370218
0.026609258726239204,1.1377777777777804,1.921682031126693,1.1099205639816734
0.053437042981386185,1.1842176870748335,11.934910327196121,1.1010888525379048
0.051585111767053604,1.277097505668938,3.094352588057518,1.0087248071765098
0.023506877943873405,1.3235374149659893,10.816602963022888,1.5398854742156458
0.018855132162570953,1.3699773242630406,11.327539722900838,1.201090480994107
0.018140124157071114,1.4164172335600937,3.141871223691851,1.0741030146482529
0.018064890056848526,1.4396371882086203,5.876780238002539,1.1940932212570028
0.021909045055508614,1.4860770975056716,5.289227604866028,1.0486505077142818
0.02431052178144455,1.578956916099776,3.0075233429670334,1.1290725396705084
0.03379468992352486,1.6253968253968292,4.58977079577744,1.1526542419619143
0.05288456752896309,1.6486167800453557,5.359340283088386,1.1370555759339085
0.05340595170855522,1.6718367346938805,2.917320717126131,0.6111257993662362
0.026426440104842186,1.7182766439909336,1.5020418874919415,1.0546808869161355
0.03136790916323662,1.764716553287985,5.672280873171985,1.130177400173506
0.007254535332322121,1.8111564625850363,11.149220325052738,1.1096475739727305
0.02071577124297619,1.8575963718820894,10.80607401393354,1.228964379497601
0.0172114260494709,1.8808163265306141,3.386133123189211,1.3113770891821832
0.01812504045665264,1.950476190476192,12.371703669428825,1.1857657298774797
0.01614445261657238,2.02013605442177,9.668389834463596,1.1027009512176111
0.0293535515666008,2.0665759637188232,11.268548660445958,0.8559138542561125
0.019235488027334213,2.1130158730158763,9.426594020798802,1.1521193066644588
0.013806200586259365,2.1826757369614542,10.092074053362012,1.2019412236162963
0.03769306465983391,2.252335600907032,8.1035683946684,1.1908161689156025
0.0406046137213707,2.32199546485261,0.0013509319073818915,1.2588764328300732
0.01921256259083748,2.368435374149663,2.6329344174300786,1.28723550431864
0.03084852732717991,2.391655328798188,4.688658837229013,0.8570301019732216
0.022071262821555138,2.4613151927437658,5.672280873171985,1.130177400173506
0.0238708034157753,2.5309750566893436,2.6298611778765917,0.8801864601112239
0.021628214046359062,2.5774149659863967,7.127044148743153,0.9634256772461391
0.02316594123840332,2.600634920634925,3.9187206998467445,1.1034297455124764
0.03275289013981819,2.6238548752834534,1.177929474040866,1.3109862676785748
0.024512095376849174,2.670294784580503,5.662642035633326,1.0793586819449312
0.01036126259714365,2.786394557823134,7.209576188586652,0.9731789096095224
0.031266145408153534,2.87927437641724,9.889248486608267,1.1224886639456988
0.04649616777896881,2.9257142857142933,6.946774634649046,0.7174483698561425
0.028217075392603874,2.995374149659871,6.449914574623108,0.9670819193396234
0.02294349856674671,3.0418140589569242,11.776439633220434,1.2751462807160572
0.03847181051969528,3.065034013605449,8.050105974078178,1.0888647120896977
0.039202723652124405,3.134693877551027,11.652031160891056,0.9512759095192133
0.04162311926484108,3.204353741496605,2.1930942234099575,0.9535361640990041
0.06674831360578537,3.2740136054421827,5.988148740492761,0.6388213459019974
0.07362234592437744,3.320453514739236,0.9692680574953556,0.8655980246504134
0.039681460708379745,3.3436734693877606,2.950053774751723,1.060247637946727
0.04853964224457741,3.3668934240362853,6.30159361474216,1.095448107238356
0.06129010021686554,3.4133333333333384,10.982447204180062,0.9732967985390583
0.03801051154732704,3.506213151927441,2.6298611778765917,0.8801864601112239
0.06974051892757416,3.5526530612244906,4.651369068771601,1.1710862478382824
0.04351567476987839,3.5990929705215438,2.7213298864662647,1.1173400878259887
0.09736574441194534,3.6455328798185933,10.277867667376995,1.011728165212253
0.042167190462350845,3.668752834467118,2.278396688401699,1.133960258678499
0.06136966869235039,3.738412698412696,5.119423151016235,1.1395560640741753
0.03739021345973015,3.808072562358274,11.676909063011408,1.1219454350979199
0.057083968073129654,3.854512471655327,5.078839275985956,0.9698979042828847
0.04568140581250191,3.924172335600905,6.722527913749218,0.6886190182517253
0.08116759359836578,3.9706122448979544,9.516587495803833,1.2142739677304375
0.08213068544864655,4.017052154195004,6.3151434469618835,1.4437026489057585
0.12915706634521484,4.10993197278911,7.2743627689778805,1.0631978310889587
0.07074979692697525,4.156371882086163,10.349878840148449,1.0391507778136961
0.10940482467412949,4.202811791383213,11.620625108480453,1.2639973742351538
0.1398422122001648,4.249251700680262,3.7262786077335477,1.1637108275192063
0.08445143699645996,0.04643990929705222,1.1907889656722546,0.9650951166386105
0.0282258540391922,0.11609977324263043,4.174328777939081,1.1991978226897133
0.023502185940742493,0.13931972789115654,8.19365858193487,1.6129754477728293
0.02332276850938797,0.16253968253968265,7.546874064952135,1.4474156244877683
0.01646098867058754,0.20897959183673465,4.548326788470149,1.1538157824946202
0.008308944292366505,0.278639455782313,4.945635192096233,1.1140158687328563
0.012822643853724003,0.3018594104308391,6.93815282862829,1.0466500399568606
0.008045302703976631,0.4179591836734692,7.3208751529455185,0.9921237046603482
0.02702714130282402,0.4876190476190475,10.512652495410293,1.239707611112036
0.02557080239057541,0.5108390022675736,4.3738896287977695,1.0580857197169327
0.014057181775569916,0.5340589569160997,10.722142317797989,1.4331216695812052
0.014585131779313087,0.603718820861678,0.585752010345459,0.48776460688429074
0.02330172061920166,0.696598639455782,7.703234635759145,1.0335637689543051
0.031857118010520935,0.8126984126984126,8.038544904440641,1.1947121253665867
0.015887517482042313,0.8359183673469387,5.690641827881336,1.1134794709805447
0.03932920843362808,0.8823582766439909,2.4436956457793713,1.1862634905533662
0.032329168170690536,0.9055782312925175,4.002487480640411,0.8366107721794636
0.031720153987407684,0.9520181405895697,6.316431827843189,0.981345323542362
0.03759170323610306,1.0913378684807262,0.045075240288610985,1.290814138202389
0.02239137329161167,1.1377777777777784,7.017623711377382,1.4514334703462946
0.04922943189740181,1.2074376417233572,7.05213675275445,1.1040297831309214
0.03679870441555977,1.2538775510204094,10.031867055222392,0.9680213581031294
0.03428672254085541,1.3699773242630395,13.59171586332377,1.1427365184306761
0.05562937632203102,1.462857142857144,0.32926182448863983,0.6930713298707208
0.03627031296491623,1.5092970521541962,9.500689007341862,0.9111882502932961
0.05315142124891281,1.5325170068027227,5.876780238002539,1.1940932212570028
0.03439757227897644,1.6718367346938794,1.4683665968477726,1.0896872577994958
0.04250287637114525,1.7879365079365095,9.679186878041946,1.0130893592222752
0.022437309846282005,1.8343764172335617,7.573453888297081,1.1385382164901452
0.02821710705757141,1.880816326530614,5.903134141117334,1.1305992714238993
0.054801423102617264,1.9504761904761918,3.224763372913003,1.2741771186099842
0.04495539888739586,1.9736961451247184,5.531115207821131,0.8446014597464032
0.05239975079894066,1.996916099773244,8.643710304051638,0.8470009518736352
0.04925379157066345,2.0433560090702962,5.075982006266713,1.1195127043120996
0.06117342785000801,2.0897959183673493,2.514603305608034,1.1049549812943318
0.046661123633384705,2.113015873015876,2.897833513095975,1.400774782380451
0.03390847146511078,2.2523356009070317,6.254143759608269,1.1893689944448653
0.043304383754730225,2.275555555555558,2.3037218395620584,1.184088209461851
0.03489292040467262,2.298775510204083,9.738137166947126,0.9888725811023862
0.026864150539040565,2.4380952380952388,4.211172834038734,0.9082123327834144
0.026266004890203476,2.484535147392292,4.592277102172375,1.2114647994413732
0.023693986237049103,2.5077551020408166,9.655647467821836,0.9308220613432441
0.04630812630057335,2.6006349206349193,21.06931336224079,0.9210109200810687
0.06607622653245926,2.6470748299319706,6.793989200145006,1.2253750247903121
0.054049063473939896,2.670294784580497,6.358993925154209,1.194940824070035
0.07415512204170227,2.7167346938775503,8.00737289339304,1.2710662392269765
0.05939886346459389,2.739954648526075,5.586001195013523,0.9237389800685332
0.06396322697401047,2.809614512471653,6.044764742255211,0.9570675817325969
0.08659893274307251,2.856054421768706,5.15845382027328,1.602299886436598
0.07462871074676514,2.972154195011337,9.314789433032274,1.378257336191647
0.028689904138445854,2.9953741496598636,7.7321723736822605,1.1846610746684343
0.026398181915283203,3.0418140589569167,13.81948096305132,1.2745881374526473
0.03361677750945091,3.134693877551021,7.788392663002014,0.9066561954920932
0.018396642059087753,3.1811337868480725,3.7617412842810154,1.2902353209054147
0.024360287934541702,3.2275736961451256,5.2245426550507545,0.822285606747861
0.021237997338175774,3.2740136054421787,6.862601652741432,1.356917920882468
0.04083484783768654,3.320453514739232,4.770711563527584,1.053309487611582
0.0230194553732872,3.3436734693877566,3.200167927891016,0.912211930845733
0.03638426586985588,3.4597732426303858,17.254678912460804,1.228980779841701
0.02619599550962448,3.5294331065759654,7.778265826404095,0.9584461827813358
0.04621456563472748,3.5758730158730168,8.62466511130333,1.1105198508640408
0.043251365423202515,3.622312925170068,6.366651935852133,1.3107297431810392
0.02056489698588848,3.6687528344671194,9.852823860943317,1.5757839600107977
0.03273695707321167,3.761632653061224,16.30383926164359,0.8821736449631602
0.045698244124650955,3.808072562358277,7.0401860773563385,0.9342735790214379
0.03826478123664856,3.85451247165533,8.65767220966518,0.8949193292110379
0.04229892045259476,3.900952380952383,3.9550423733890057,0.9786405866222606
0.02227877639234066,3.9473922902494345,3.275847911834717,1.1116527296055418
0.023612182587385178,4.08671201814059,6.600972251182384,1.1699859724251882
0.012713907286524773,4.1795918367346925,4.381879221647978,1.3435510726411928
0.01701219752430916,4.24925170068027,11.731077215634286,1.359412575077931
0.041028957813978195,4.272471655328795,0.04207920605028903,1.3301296876113153
0.016497835516929626,4.318911564625845,0.030022723695083187,1.6838575693820401
0.024966392666101456,4.365351473922898,9.490314487484284,0.9138619104979816
0.012053405866026878,4.504671201814054,2.0508210696280003,1.1258263764734697
0.013210839591920376,4.551111111111107,0.914129626005888,0.6896217204898407
0.018994951620697975,4.574331065759635,5.980211153626442,0.8410993461704737
0.02526874840259552,4.667210884353738,11.039387606084347,0.5182196474354737
0.02099933847784996,4.713650793650791,1.6066479682922363,1.0815913951353502
0.03360068425536156,4.76009070294784,12.881287219002843,0.8928916521954277
0.036612097173929214,4.806530612244893,10.171686766669154,1.123236363808282
0.01947554387152195,4.876190476190471,5.092416024323484,1.1643305481228121
0.02642981894314289,4.899410430838996,5.679855719208717,0.8973976654137559
0.021622853353619576,4.945850340136049,8.456471436657012,1.0740325054987925
0.026304252445697784,4.969070294784574,6.427453342825174,1.0143221751816718
0.022026192396879196,5.015510204081627,1.738018084772193,1.4317852470468513
0.03559532389044762,5.06195011337868,10.60088297817856,1.0726878250954317
0.04133688658475876,5.154829931972783,0.883754963055253,0.942801927152534
0.015080722980201244,5.178049886621311,6.520677946507931,1.2178368207131622
0.013566483743488789,5.224489795918361,6.916159655898809,0.8613362197187856
0.026223929598927498,5.294149659863939,3.669304136186838,1.3907060300636243
0.02596946991980076,5.340589569160992,0.0005769355971096957,1.0113232689073568
0.034374017268419266,5.387029478458045,0.009156276393014195,1.0576283708820604
0.032285548746585846,5.433469387755098,23.100128042511642,1.0554387388945647
0.03369046002626419,5.549569160997729,3.1142964214086533,1.4808941963102376
0.03117726743221283,5.596009070294782,14.376834966242313,1.5086299066503488
0.018892569467425346,5.61922902494331,5.070967696607113,1.5276925523152307
0.04163290187716484,5.66566893424036,0.005868910346180201,0.842769426886875
0.012653570622205734,5.712108843537413,5.086107891052961,1.1028518488114851
0.01978129893541336,5.735328798185938,8.697804436087608,1.3031158540989183
0.03014322556555271,5.781768707482991,2.871337290853262,0.9487394930693609
0.020502254366874695,5.8746485260770935,7.291058371774852,1.0597452366766977
0.0320001095533371,5.921088435374143,3.3827144876122475,0.9309709306665739
0.04478354752063751,5.967528344671196,10.032939712516963,1.077483628330933
0.019765926524996758,6.037188208616778,4.3556878715753555,1.102675062216997
0.028080465272068977,6.060408163265306,3.799239296466112,1.5418681081199963
0.0282755009829998,6.130068027210884,20.88961097225547,1.2568985757402489
0.023897865787148476,6.153287981859409,4.735452197492123,1.173578747435334
0.046359095722436905,6.199727891156462,3.490417208522558,1.1833515101939087
0.05471046641469002,6.246167800453515,3.1007105819880962,1.1031878317847073
0.023836517706513405,6.339047619047621,4.0701557516586035,0.8928285051808283
0.026603227481245995,6.408707482993199,6.058042388875037,1.2007807787679683
0.03431113064289093,6.431927437641724,5.455970784649253,1.2404311409993773
0.03274313732981682,6.478367346938777,8.848631192930043,0.6985171704381475
0.021029703319072723,6.571247165532883,7.053144849836826,1.0952555093853327
0.02263440564274788,6.617687074829936,12.898245697841048,1.359138618643246
0.038104347884655,6.6409070294784645,12.465272024273872,1.2582422478749877
0.039368391036987305,6.687346938775518,7.799847844988108,1.3162470329031914
0.03403070196509361,6.733786848072571,4.996270928531885,0.991532405292438
0.0249263234436512,6.78022675736962,6.436242812778801,1.1836707712046408
0.02272879146039486,6.8034467120181485,4.658067405223846,1.301686742418224
0.030546387657523155,6.896326530612251,10.365366460755467,1.077624362894007
0.014319964684545994,6.965986394557829,5.940583631396294,1.404096362058574
0.13449355959892273,7.012426303854879,6.555997809395194,0.8787544298722147
0.19104601442813873,7.058866213151928,15.41904729232192,1.1882874267676526
0.18626922369003296,7.105306122448981,2.6784826796501875,1.209892665516367
0.3460218906402588,7.151746031746034,5.876344169490039,1.3415002516649321
0.3681832551956177,7.174965986394559,4.214925703592598,1.2630657840386923
0.28309929370880127,7.244625850340137,5.79840486170724,1.3981796956331056
0.16096173226833344,7.29106575963719,2.6441109906882048,1.1650330067754273
0.13834889233112335,7.314285714285715,6.818485729396343,1.430379776601221
0.11923836916685104,7.360725623582768,3.067298478912562,1.222200334801742
0.20801694691181183,0.023219954648526053,6.603608042001724,0.840941908365084
0.16188862919807434,0.09287981859410438,9.195362761616707,1.148547949305242
0.03895458206534386,0.11609977324263049,5.928978796117008,1.1816195276632213
0.13494810461997986,0.1393197278911566,0.10312205138870922,1.2108226722687596
0.3735280930995941,0.1857596371882086,8.64390982594341,1.2939044678822813
0.18682265281677246,0.2089795918367347,4.773889601230621,1.1129515006629926
0.41351422667503357,0.30185941043083914,6.352809760719538,1.0909014653149027
0.22190231084823608,0.34829931972789135,9.810399651527405,1.1102771605305792
0.09614396840333939,0.39473922902494357,7.4068568125367165,1.0333944617833648
0.08072668313980103,0.4411791383219958,18.214905232191086,1.0232674090814433
0.054371852427721024,0.5108390022675742,8.627990493469042,1.3567149665642755
0.06798761337995529,0.5340589569161003,2.324488965794444,0.9767977533893426
0.05085840821266174,0.5804988662131525,3.6081181056797504,0.8166820189866166
0.03995634615421295,0.6501587301587304,2.0360219851136208,0.7860443181894063
0.05544283613562584,0.7198185941043083,6.641450464725494,0.9880199203064738
0.09983762353658676,0.7662585034013605,2.815239165431649,1.5884186209406195
0.09808943420648575,0.789478458049887,3.8483291314914823,1.0820353878113291
0.033298078924417496,0.8126984126984127,1.7057030498981476,1.1609662833149124
0.034947775304317474,0.8359183673469384,3.8674693889915943,1.2492012002873114
0.09688078612089157,0.8823582766439906,13.93386022746563,1.0824182662943087
0.11036115139722824,0.9287981859410428,0.07658553668943568,1.0624889972192302
0.21937063336372375,0.9984580498866216,1.2219128942952011,0.7406206131057986
0.15860816836357117,1.0216780045351481,6.360584892332554,1.2267511978313645
0.07543148100376129,1.0913378684807278,6.932272702455521,1.8774993896390957
0.08012871444225311,1.1145578231292543,4.455508226528764,0.9030219411999842
0.033565912395715714,1.1377777777777809,3.571995113044977,1.1263099009895081
0.02187492698431015,1.2074376417233588,7.988868355751038,1.149848302994507
0.02787904255092144,1.25387755102041,7.0396095318719745,0.9785320340797397
0.035490117967128754,1.3003174603174614,5.5380068719387054,1.1954702694992434
0.036983124911785126,1.3467573696145128,2.36447187140584,1.0950701322196874
0.12031974643468857,1.393197278911564,11.928469818085432,1.0215152662028055
0.036772262305021286,1.4396371882086154,7.699222587049007,1.4804603663866223
0.03818101808428764,1.4860770975056667,17.888267800211906,1.2452732245408007
0.030939856544137,1.532517006802718,3.462729800492525,1.15390577860805
0.03344852477312088,1.6253968253968225,11.441436767578125,0.932510490931915
0.027276940643787384,1.6950566893424004,0.008355741173318165,1.2255264638288852
0.031400300562381744,1.834376417233558,8.961309000849724,1.3663640829033168
0.03579629957675934,1.8575963718820827,10.171686766669154,1.123236363808282
0.034811604768037796,1.9040362811791358,3.2629267890006304,0.8734680669778033
0.027457714080810547,2.020136054421765,2.267963394522667,0.8330049869562698
0.04267479106783867,2.0433560090702896,4.976612617261708,1.0116124558255464
0.03496696427464485,2.1130158730158675,3.7706167735159397,1.242341324862903
0.040436040610075,2.182675736961447,5.126383118331432,1.1910999577688854
0.03850710019469261,2.2291156462585002,2.6219124868512154,1.380274019887482
0.03869234398007393,2.298775510204078,4.038599669933319,1.4018225016651031
0.03525611013174057,2.368435374149656,3.9508746676146984,1.5102379748888732
0.03232629597187042,2.414875283446709,7.048858843743801,1.1229809739908958
0.028442762792110443,2.484535147392287,7.947683222591877,0.9732170110763634
0.05911068245768547,2.53097505668934,12.546723954379559,1.474293038674574
0.02503390982747078,2.600634920634918,4.890664868056774,1.0829679181515464
0.026467017829418182,2.647074829931971,4.25871717184782,1.0987949460835338
0.03668053820729256,2.670294784580496,4.433741092681885,1.2849756361867974
0.05828014016151428,2.7399546485260737,9.25114307180047,1.276239048409489
0.04910750687122345,2.786394557823127,5.241585519164801,1.1549146508054844
0.03423743322491646,2.83283446712018,5.408056151121855,1.3741378243481284
0.022781115025281906,2.8560544217687047,21.78888337314129,1.29893795630063
0.022684568539261818,2.9024943310657543,14.714924223721027,0.6566500275021455
0.11209487915039062,2.948934240362804,5.876780238002539,1.1940932212570028
0.09226556122303009,2.995374149659857,11.712605624459684,1.0749036976198052
0.06068801134824753,3.0185941043083817,5.669731196016073,1.5403984973964417
0.06244508549571037,3.0882539682539596,13.381976451724768,1.3179843114115555
0.056699734181165695,3.134693877551009,8.62466511130333,1.1105198508640408
0.061091162264347076,3.1579138321995375,5.113819196820259,1.0583383519764076
0.06116699054837227,3.25079365079364,0.8361960886977613,1.2613509232066502
0.05321820080280304,3.390113378684796,8.406469643115997,1.1340879957335441
